{
    "entries": {
        "task_2025_04_24_001": {
            "title": "Complete 1 Installer Mission",
            "linked_mission": "mission_729_installer_final_ship",
            "date": "2025-04-25",
            "list_type": "daily",
            "project": "orchestrate_core",
            "mission_summary": "Test and ship the final version of the Orchestrate installer, confirming that FastAPI and ngrok both start reliably."
        },
        "task_2025_04_24_002": {
            "title": "Complete 1 BestRx Integration",
            "linked_mission": "mission_730_bestrx_integration_for_ramesh_pharmacy",
            "date": "2025-04-25",
            "list_type": "daily",
            "project": "pharmacy_automation",
            "mission_summary": "Test the new BestRx API access to verify real-time drug info can be queried and integrated into the pharmacy automation flow."
        },
        "task_2025_04_24_003": {
            "title": "Build 1 Interactive Demo",
            "linked_mission": "mission_731_interactive_orchestrate_demo",
            "date": "2025-04-25",
            "list_type": "daily",
            "project": "orchestrate_demo",
            "mission_summary": "Replace traditional sales page with a local-first interactive demo that lets users experience Orchestrate\u2019s capabilities firsthand."
        },
        "task_2025_04_24_004": {
            "title": "Follow up on 1 Email Batch",
            "date": "2025-04-25",
            "list_type": "daily",
            "project": "communications"
        },
        "task_2025_04_24_005": {
            "title": "Follow up on 1 Acast Payment ($1200)",
            "date": "2025-04-25",
            "list_type": "daily",
            "project": "finance"
        },
        "task_2025_04_25_006": {
            "title": "Plan Weekend Hackathon",
            "date": "2025-04-25",
            "list_type": "daily",
            "project": "orchestrate_events"
        },
        "task_2025_04_25_007": {
            "title": "Build Scope Creation Tool",
            "date": "2025-04-25",
            "list_type": "daily",
            "project": "orchestrate_core"
        },
        "task_2025_04_25_008": {
            "title": "Scope Token Nazi",
            "date": "2025-04-25",
            "list_type": "daily",
            "project": "execution_safeguards",
            "mission_summary": "Lock Orchestrate\u2019s ability to ship unauthorized or half-baked code. No more wildcard deploys."
        },
        "task_001": {
            "title": "Finish End-to-End Test of Orchestrate DMG Installer",
            "description": "Complete a full installation test of the DMG package including launch and toolset verification.",
            "status": "pending"
        },
        "task_002": {
            "title": "Scope and Scaffold Electron Builder",
            "description": "Create an initial scope document and scaffold structure for electron_builder.py tool integration.",
            "status": "pending"
        },
        "task_003": {
            "title": "Build and Test Ramesh BestRX Integration",
            "description": "Finalize the BestRX integration, build the connector, and execute end-to-end testing.",
            "status": "pending"
        },
        "task_004": {
            "title": "Test Article Campaign Template with New Draft",
            "description": "Draft a fresh article and validate article_campaign_template.json workflow pipeline.",
            "status": "pending"
        },
        "task_005": {
            "title": "Fix JSON Manager Search Entries Function",
            "description": "Deploy the prewritten but unreleased fix for search_entries functionality in json_manager.",
            "status": "pending"
        },
        "task_006": {
            "title": "Process Incoming Emails",
            "description": "Run full inbox parsing, categorize, and triage pending messages.",
            "status": "pending"
        },
        "task_007": {
            "title": "Deploy System Constitution for Orchestrate Startup Load",
            "description": "Implement and publish the system constitution policy during OS boot sequence.",
            "status": "pending"
        },
        "task_test_001": {
            "entries": {
                "task_template": {
                    "task_title": "",
                    "task_description": "",
                    "priority": "",
                    "due_date": "",
                    "status": "pending",
                    "tags": []
                }
            }
        }
    }
}